"FILE","ERROR"
"/usr/bin/addr2line","no package identified in executable file"
"/usr/bin/ar","no package identified in executable file"
"/usr/bin/arping","no package identified in executable file"
"/usr/bin/as","no package identified in executable file"
"/usr/bin/busctl","no package identified in executable file"
"/usr/bin/c++filt","no package identified in executable file"
"/usr/bin/cal","no package identified in executable file"
"/usr/bin/chacl","no package identified in executable file"
"/usr/bin/chage","no package identified in executable file"
"/usr/bin/chmem","no package identified in executable file"
"/usr/bin/choom","no package identified in executable file"
"/usr/bin/chrt","no package identified in executable file"
"/usr/bin/clockdiff","no package identified in executable file"
"/usr/bin/col","no package identified in executable file"
"/usr/bin/colcrt","no package identified in executable file"
"/usr/bin/colrm","no package identified in executable file"
"/usr/bin/column","no package identified in executable file"
"/usr/bin/coreutils","no package identified in executable file"
"/usr/bin/cyrusbdb2current","no package identified in executable file"
"/usr/bin/dbus-broker","no package identified in executable file"
"/usr/bin/dbus-broker-launch","no package identified in executable file"
"/usr/bin/debuginfod-find","no package identified in executable file"
"/usr/bin/dirmngr","no package identified in executable file"
"/usr/bin/dirmngr-client","no package identified in executable file"
"/usr/bin/dmesg","no package identified in executable file"
"/usr/bin/dwp","no package identified in executable file"
"/usr/bin/eject","no package identified in executable file"
"/usr/bin/elfedit","no package identified in executable file"
"/usr/bin/evmctl","no package identified in executable file"
"/usr/bin/fallocate","no package identified in executable file"
"/usr/bin/fincore","no package identified in executable file"
"/usr/bin/find","no package identified in executable file"
"/usr/bin/findmnt","no package identified in executable file"
"/usr/bin/flock","no package identified in executable file"
"/usr/bin/g13","no package identified in executable file"
"/usr/bin/gapplication","no package identified in executable file"
"/usr/bin/gawk","no package identified in executable file"
"/usr/bin/gdbus","no package identified in executable file"
"/usr/bin/gencat","no package identified in executable file"
"/usr/bin/getconf","no package identified in executable file"
"/usr/bin/getent","no package identified in executable file"
"/usr/bin/getfacl","no package identified in executable file"
"/usr/bin/gio","no package identified in executable file"
"/usr/bin/gio-querymodules-64","no package identified in executable file"
"/usr/bin/glib-compile-schemas","no package identified in executable file"
"/usr/bin/gpasswd","no package identified in executable file"
"/usr/bin/gpg","no package identified in executable file"
"/usr/bin/gpg-agent","no package identified in executable file"
"/usr/bin/gpg-card","no package identified in executable file"
"/usr/bin/gpg-connect-agent","no package identified in executable file"
"/usr/bin/gpg-error","no package identified in executable file"
"/usr/bin/gpg-wks-client","no package identified in executable file"
"/usr/bin/gpg-wks-server","no package identified in executable file"
"/usr/bin/gpgconf","no package identified in executable file"
"/usr/bin/gpgme-json","no package identified in executable file"
"/usr/bin/gpgparsemail","no package identified in executable file"
"/usr/bin/gpgsplit","no package identified in executable file"
"/usr/bin/gpgtar","no package identified in executable file"
"/usr/bin/gpgv","no package identified in executable file"
"/usr/bin/gprof","no package identified in executable file"
"/usr/bin/grep","no package identified in executable file"
"/usr/bin/gsettings","no package identified in executable file"
"/usr/bin/gzip","no package identified in executable file"
"/usr/bin/hardlink","no package identified in executable file"
"/usr/bin/hexdump","no package identified in executable file"
"/usr/bin/hostname","no package identified in executable file"
"/usr/bin/hostnamectl","no package identified in executable file"
"/usr/bin/iconv","no package identified in executable file"
"/usr/bin/ionice","no package identified in executable file"
"/usr/bin/ipcmk","no package identified in executable file"
"/usr/bin/ipcrm","no package identified in executable file"
"/usr/bin/ipcs","no package identified in executable file"
"/usr/bin/irqtop","no package identified in executable file"
"/usr/bin/isosize","no package identified in executable file"
"/usr/bin/journalctl","no package identified in executable file"
"/usr/bin/kill","no package identified in executable file"
"/usr/bin/last","no package identified in executable file"
"/usr/bin/lastlog","no package identified in executable file"
"/usr/bin/ld.bfd","no package identified in executable file"
"/usr/bin/ld.gold","no package identified in executable file"
"/usr/bin/less","no package identified in executable file"
"/usr/bin/lessecho","no package identified in executable file"
"/usr/bin/lesskey","no package identified in executable file"
"/usr/bin/locale","no package identified in executable file"
"/usr/bin/localectl","no package identified in executable file"
"/usr/bin/localedef","no package identified in executable file"
"/usr/bin/logger","no package identified in executable file"
"/usr/bin/login","no package identified in executable file"
"/usr/bin/loginctl","no package identified in executable file"
"/usr/bin/look","no package identified in executable file"
"/usr/bin/lsblk","no package identified in executable file"
"/usr/bin/lscpu","no package identified in executable file"
"/usr/bin/lsipc","no package identified in executable file"
"/usr/bin/lsirq","no package identified in executable file"
"/usr/bin/lslocks","no package identified in executable file"
"/usr/bin/lslogins","no package identified in executable file"
"/usr/bin/lsmem","no package identified in executable file"
"/usr/bin/lsns","no package identified in executable file"
"/usr/bin/mcookie","no package identified in executable file"
"/usr/bin/mesg","no package identified in executable file"
"/usr/bin/modulemd-validator","no package identified in executable file"
"/usr/bin/more","no package identified in executable file"
"/usr/bin/mount","no package identified in executable file"
"/usr/bin/mountpoint","no package identified in executable file"
"/usr/bin/namei","no package identified in executable file"
"/usr/bin/newgidmap","no package identified in executable file"
"/usr/bin/newgrp","no package identified in executable file"
"/usr/bin/newuidmap","no package identified in executable file"
"/usr/bin/nm","no package identified in executable file"
"/usr/bin/nsenter","no package identified in executable file"
"/usr/bin/objcopy","no package identified in executable file"
"/usr/bin/objdump","no package identified in executable file"
"/usr/bin/p11-kit","no package identified in executable file"
"/usr/bin/ping","no package identified in executable file"
"/usr/bin/pldd","no package identified in executable file"
"/usr/bin/prlimit","no package identified in executable file"
"/usr/bin/pwmake","no package identified in executable file"
"/usr/bin/pwscore","no package identified in executable file"
"/usr/bin/ranlib","no package identified in executable file"
"/usr/bin/readelf","no package identified in executable file"
"/usr/bin/rename","no package identified in executable file"
"/usr/bin/renice","no package identified in executable file"
"/usr/bin/rev","no package identified in executable file"
"/usr/bin/rpm","no package identified in executable file"
"/usr/bin/rpm2archive","no package identified in executable file"
"/usr/bin/rpm2cpio","no package identified in executable file"
"/usr/bin/rpmdb","no package identified in executable file"
"/usr/bin/rpmkeys","no package identified in executable file"
"/usr/bin/script","no package identified in executable file"
"/usr/bin/scriptlive","no package identified in executable file"
"/usr/bin/scriptreplay","no package identified in executable file"
"/usr/bin/sed","no package identified in executable file"
"/usr/bin/setarch","no package identified in executable file"
"/usr/bin/setfacl","no package identified in executable file"
"/usr/bin/setpriv","no package identified in executable file"
"/usr/bin/setsid","no package identified in executable file"
"/usr/bin/setterm","no package identified in executable file"
"/usr/bin/size","no package identified in executable file"
"/usr/bin/sprof","no package identified in executable file"
"/usr/bin/strings","no package identified in executable file"
"/usr/bin/strip","no package identified in executable file"
"/usr/bin/su","no package identified in executable file"
"/usr/bin/systemctl","no package identified in executable file"
"/usr/bin/systemd-analyze","no package identified in executable file"
"/usr/bin/systemd-ask-password","no package identified in executable file"
"/usr/bin/systemd-cat","no package identified in executable file"
"/usr/bin/systemd-cgls","no package identified in executable file"
"/usr/bin/systemd-cgtop","no package identified in executable file"
"/usr/bin/systemd-creds","no package identified in executable file"
"/usr/bin/systemd-delta","no package identified in executable file"
"/usr/bin/systemd-detect-virt","no package identified in executable file"
"/usr/bin/systemd-dissect","no package identified in executable file"
"/usr/bin/systemd-escape","no package identified in executable file"
"/usr/bin/systemd-firstboot","no package identified in executable file"
"/usr/bin/systemd-id128","no package identified in executable file"
"/usr/bin/systemd-inhibit","no package identified in executable file"
"/usr/bin/systemd-machine-id-setup","no package identified in executable file"
"/usr/bin/systemd-mount","no package identified in executable file"
"/usr/bin/systemd-notify","no package identified in executable file"
"/usr/bin/systemd-path","no package identified in executable file"
"/usr/bin/systemd-run","no package identified in executable file"
"/usr/bin/systemd-socket-activate","no package identified in executable file"
"/usr/bin/systemd-stdio-bridge","no package identified in executable file"
"/usr/bin/systemd-sysext","no package identified in executable file"
"/usr/bin/systemd-sysusers","no package identified in executable file"
"/usr/bin/systemd-tmpfiles","no package identified in executable file"
"/usr/bin/systemd-tty-ask-password-agent","no package identified in executable file"
"/usr/bin/tar","no package identified in executable file"
"/usr/bin/taskset","no package identified in executable file"
"/usr/bin/timedatectl","no package identified in executable file"
"/usr/bin/tracepath","no package identified in executable file"
"/usr/bin/trust","no package identified in executable file"
"/usr/bin/ul","no package identified in executable file"
"/usr/bin/umount","no package identified in executable file"
"/usr/bin/unshare","no package identified in executable file"
"/usr/bin/utmpdump","no package identified in executable file"
"/usr/bin/uuidgen","no package identified in executable file"
"/usr/bin/uuidparse","no package identified in executable file"
"/usr/bin/wall","no package identified in executable file"
"/usr/bin/watchgnupg","no package identified in executable file"
"/usr/bin/wdctl","no package identified in executable file"
"/usr/bin/whereis","no package identified in executable file"
"/usr/bin/write","no package identified in executable file"
"/usr/bin/xargs","no package identified in executable file"
"/usr/bin/xmlcatalog","no package identified in executable file"
"/usr/bin/xmllint","no package identified in executable file"
"/usr/bin/xmlwf","no package identified in executable file"
"/usr/bin/xz","no package identified in executable file"
"/usr/bin/xzdec","no package identified in executable file"
"/usr/bin/zdump","no package identified in executable file"
"/usr/lib/systemd/system-generators/systemd-debug-generator","no package identified in executable file"
"/usr/lib/systemd/system-generators/systemd-fstab-generator","no package identified in executable file"
"/usr/lib/systemd/system-generators/systemd-getty-generator","no package identified in executable file"
"/usr/lib/systemd/system-generators/systemd-rc-local-generator","no package identified in executable file"
"/usr/lib/systemd/system-generators/systemd-run-generator","no package identified in executable file"
"/usr/lib/systemd/system-generators/systemd-system-update-generator","no package identified in executable file"
"/usr/lib/systemd/system-generators/systemd-sysv-generator","no package identified in executable file"
"/usr/lib/systemd/systemd","no package identified in executable file"
"/usr/lib/systemd/systemd-ac-power","no package identified in executable file"
"/usr/lib/systemd/systemd-boot-check-no-failures","no package identified in executable file"
"/usr/lib/systemd/systemd-cgroups-agent","no package identified in executable file"
"/usr/lib/systemd/systemd-export","no package identified in executable file"
"/usr/lib/systemd/systemd-hostnamed","no package identified in executable file"
"/usr/lib/systemd/systemd-initctl","no package identified in executable file"
"/usr/lib/systemd/systemd-journald","no package identified in executable file"
"/usr/lib/systemd/systemd-localed","no package identified in executable file"
"/usr/lib/systemd/systemd-logind","no package identified in executable file"
"/usr/lib/systemd/systemd-network-generator","no package identified in executable file"
"/usr/lib/systemd/systemd-reply-password","no package identified in executable file"
"/usr/lib/systemd/systemd-shutdown","no package identified in executable file"
"/usr/lib/systemd/systemd-socket-proxyd","no package identified in executable file"
"/usr/lib/systemd/systemd-sulogin-shell","no package identified in executable file"
"/usr/lib/systemd/systemd-sysupdate","no package identified in executable file"
"/usr/lib/systemd/systemd-timedated","no package identified in executable file"
"/usr/lib/systemd/systemd-update-done","no package identified in executable file"
"/usr/lib/systemd/systemd-update-utmp","no package identified in executable file"
"/usr/lib/systemd/systemd-user-runtime-dir","no package identified in executable file"
"/usr/lib/systemd/systemd-user-sessions","no package identified in executable file"
"/usr/lib/systemd/systemd-xdg-autostart-condition","no package identified in executable file"
"/usr/lib/systemd/user-environment-generators/30-systemd-environment-d-generator","no package identified in executable file"
"/usr/lib/systemd/user-generators/systemd-xdg-autostart-generator","no package identified in executable file"
"/usr/lib64/audit/sotruss-lib.so","no package identified in executable file"
"/usr/lib64/engines-3/afalg.so","no package identified in executable file"
"/usr/lib64/engines-3/capi.so","no package identified in executable file"
"/usr/lib64/engines-3/loader_attic.so","no package identified in executable file"
"/usr/lib64/engines-3/padlock.so","no package identified in executable file"
"/usr/lib64/gawk/filefuncs.so","no package identified in executable file"
"/usr/lib64/gawk/fnmatch.so","no package identified in executable file"
"/usr/lib64/gawk/fork.so","no package identified in executable file"
"/usr/lib64/gawk/inplace.so","no package identified in executable file"
"/usr/lib64/gawk/intdiv.so","no package identified in executable file"
"/usr/lib64/gawk/ordchr.so","no package identified in executable file"
"/usr/lib64/gawk/readdir.so","no package identified in executable file"
"/usr/lib64/gawk/readfile.so","no package identified in executable file"
"/usr/lib64/gawk/revoutput.so","no package identified in executable file"
"/usr/lib64/gawk/revtwoway.so","no package identified in executable file"
"/usr/lib64/gawk/rwarray.so","no package identified in executable file"
"/usr/lib64/gawk/time.so","no package identified in executable file"
"/usr/lib64/gconv/ANSI_X3.110.so","no package identified in executable file"
"/usr/lib64/gconv/CP1252.so","no package identified in executable file"
"/usr/lib64/gconv/ISO8859-1.so","no package identified in executable file"
"/usr/lib64/gconv/ISO8859-15.so","no package identified in executable file"
"/usr/lib64/gconv/UNICODE.so","no package identified in executable file"
"/usr/lib64/gconv/UTF-16.so","no package identified in executable file"
"/usr/lib64/gconv/UTF-32.so","no package identified in executable file"
"/usr/lib64/gconv/UTF-7.so","no package identified in executable file"
"/usr/lib64/krb5/plugins/preauth/spake.so","no package identified in executable file"
"/usr/lib64/krb5/plugins/tls/k5tls.so","no package identified in executable file"
"/usr/lib64/ld-linux-x86-64.so.2","no package identified in executable file"
"/usr/lib64/libBrokenLocale.so.1","no package identified in executable file"
"/usr/lib64/libSegFault.so","no package identified in executable file"
"/usr/lib64/libacl.so.1.1.2301","no package identified in executable file"
"/usr/lib64/libanl.so.1","no package identified in executable file"
"/usr/lib64/libarchive.so.13.5.3","no package identified in executable file"
"/usr/lib64/libasm-0.190.so","no package identified in executable file"
"/usr/lib64/libassuan.so.0.8.5","no package identified in executable file"
"/usr/lib64/libattr.so.1.1.2501","no package identified in executable file"
"/usr/lib64/libaudit.so.1.0.0","no package identified in executable file"
"/usr/lib64/libauparse.so.0.0.0","no package identified in executable file"
"/usr/lib64/libbfd-2.35.2-43.el9.so","no package identified in executable file"
"/usr/lib64/libblkid.so.1.1.0","no package identified in executable file"
"/usr/lib64/libbz2.so.1.0.8","no package identified in executable file"
"/usr/lib64/libc.so.6","no package identified in executable file"
"/usr/lib64/libc_malloc_debug.so.0","no package identified in executable file"
"/usr/lib64/libcap-ng.so.0.0.0","no package identified in executable file"
"/usr/lib64/libcap.so.2.48","no package identified in executable file"
"/usr/lib64/libcom_err.so.2.1","no package identified in executable file"
"/usr/lib64/libcomps.so.0","no package identified in executable file"
"/usr/lib64/libcrack.so.2.9.0","no package identified in executable file"
"/usr/lib64/libcrypt.so.2.0.0","no package identified in executable file"
"/usr/lib64/libcrypto.so.3.0.7","no package identified in executable file"
"/usr/lib64/libctf-nobfd.so.0.0.0","no package identified in executable file"
"/usr/lib64/libctf.so.0.0.0","no package identified in executable file"
"/usr/lib64/libcurl.so.4.7.0","no package identified in executable file"
"/usr/lib64/libdb-5.3.so","no package identified in executable file"
"/usr/lib64/libdebuginfod-0.190.so","no package identified in executable file"
"/usr/lib64/libdl.so.2","no package identified in executable file"
"/usr/lib64/libdnf.so.2","no package identified in executable file"
"/usr/lib64/libdrop_ambient.so.0.0.0","no package identified in executable file"
"/usr/lib64/libdw-0.190.so","no package identified in executable file"
"/usr/lib64/libeconf.so.0.4.1","no package identified in executable file"
"/usr/lib64/libelf-0.190.so","no package identified in executable file"
"/usr/lib64/libevent-2.1.so.7.0.1","no package identified in executable file"
"/usr/lib64/libevent_core-2.1.so.7.0.1","no package identified in executable file"
"/usr/lib64/libevent_extra-2.1.so.7.0.1","no package identified in executable file"
"/usr/lib64/libevent_openssl-2.1.so.7.0.1","no package identified in executable file"
"/usr/lib64/libevent_pthreads-2.1.so.7.0.1","no package identified in executable file"
"/usr/lib64/libexpat.so.1.8.10","no package identified in executable file"
"/usr/lib64/libfdisk.so.1.1.0","no package identified in executable file"
"/usr/lib64/libffi.so.8.1.0","no package identified in executable file"
"/usr/lib64/libform.so.6.2","no package identified in executable file"
"/usr/lib64/libformw.so.6.2","no package identified in executable file"
"/usr/lib64/libgcc_s-11-20231218.so.1","no package identified in executable file"
"/usr/lib64/libgcrypt.so.20.4.0","no package identified in executable file"
"/usr/lib64/libgdbm.so.6.0.0","no package identified in executable file"
"/usr/lib64/libgdbm_compat.so.4.0.0","no package identified in executable file"
"/usr/lib64/libgio-2.0.so.0.6800.4","no package identified in executable file"
"/usr/lib64/libglib-2.0.so.0.6800.4","no package identified in executable file"
"/usr/lib64/libgmodule-2.0.so.0.6800.4","no package identified in executable file"
"/usr/lib64/libgmp.so.10.4.0","no package identified in executable file"
"/usr/lib64/libgnutls.so.30.37.1","no package identified in executable file"
"/usr/lib64/libgobject-2.0.so.0.6800.4","no package identified in executable file"
"/usr/lib64/libgomp.so.1.0.0","no package identified in executable file"
"/usr/lib64/libgpg-error.so.0.32.0","no package identified in executable file"
"/usr/lib64/libgpgme.so.11.24.1","no package identified in executable file"
"/usr/lib64/libgssapi_krb5.so.2.2","no package identified in executable file"
"/usr/lib64/libgssrpc.so.4.2","no package identified in executable file"
"/usr/lib64/libgthread-2.0.so.0.6800.4","no package identified in executable file"
"/usr/lib64/libhistory.so.8.1","no package identified in executable file"
"/usr/lib64/libhogweed.so.6.8","no package identified in executable file"
"/usr/lib64/libidn2.so.0.3.7","no package identified in executable file"
"/usr/lib64/libimaevm.so.3.0.0","no package identified in executable file"
"/usr/lib64/libjson-c.so.5.0.0","no package identified in executable file"
"/usr/lib64/libk5crypto.so.3.1","no package identified in executable file"
"/usr/lib64/libkdb5.so.10.0","no package identified in executable file"
"/usr/lib64/libkeyutils.so.1.10","no package identified in executable file"
"/usr/lib64/libkmod.so.2.3.6","no package identified in executable file"
"/usr/lib64/libkrad.so.0.0","no package identified in executable file"
"/usr/lib64/libkrb5.so.3.3","no package identified in executable file"
"/usr/lib64/libkrb5support.so.0.1","no package identified in executable file"
"/usr/lib64/libksba.so.8.13.1","no package identified in executable file"
"/usr/lib64/liblber.so.2.0.200","no package identified in executable file"
"/usr/lib64/libldap.so.2.0.200","no package identified in executable file"
"/usr/lib64/libldap_r.so.2.0.200","no package identified in executable file"
"/usr/lib64/liblua-5.4.so","no package identified in executable file"
"/usr/lib64/liblz4.so.1.9.3","no package identified in executable file"
"/usr/lib64/liblzma.so.5.2.5","no package identified in executable file"
"/usr/lib64/libm.so.6","no package identified in executable file"
"/usr/lib64/libmagic.so.1.0.0","no package identified in executable file"
"/usr/lib64/libmemusage.so","no package identified in executable file"
"/usr/lib64/libmenu.so.6.2","no package identified in executable file"
"/usr/lib64/libmenuw.so.6.2","no package identified in executable file"
"/usr/lib64/libmodulemd.so.2.13.0","no package identified in executable file"
"/usr/lib64/libmount.so.1.1.0","no package identified in executable file"
"/usr/lib64/libmpfr.so.6.1.0","no package identified in executable file"
"/usr/lib64/libmvec.so.1","no package identified in executable file"
"/usr/lib64/libncurses.so.6.2","no package identified in executable file"
"/usr/lib64/libncursesw.so.6.2","no package identified in executable file"
"/usr/lib64/libnettle.so.8.8","no package identified in executable file"
"/usr/lib64/libnghttp2.so.14.20.1","no package identified in executable file"
"/usr/lib64/libnpth.so.0.1.2","no package identified in executable file"
"/usr/lib64/libnss_compat.so.2","no package identified in executable file"
"/usr/lib64/libnss_dns.so.2","no package identified in executable file"
"/usr/lib64/libnss_files.so.2","no package identified in executable file"
"/usr/lib64/libnss_myhostname.so.2","no package identified in executable file"
"/usr/lib64/libnss_resolve.so.2","no package identified in executable file"
"/usr/lib64/libnss_systemd.so.2","no package identified in executable file"
"/usr/lib64/libopcodes-2.35.2-43.el9.so","no package identified in executable file"
"/usr/lib64/libp11-kit.so.0.3.1","no package identified in executable file"
"/usr/lib64/libpam.so.0.85.1","no package identified in executable file"
"/usr/lib64/libpam_misc.so.0.82.1","no package identified in executable file"
"/usr/lib64/libpamc.so.0.82.1","no package identified in executable file"
"/usr/lib64/libpanel.so.6.2","no package identified in executable file"
"/usr/lib64/libpanelw.so.6.2","no package identified in executable file"
"/usr/lib64/libpcprofile.so","no package identified in executable file"
"/usr/lib64/libpcre.so.1.2.12","no package identified in executable file"
"/usr/lib64/libpcre2-8.so.0.11.0","no package identified in executable file"
"/usr/lib64/libpcre2-posix.so.3.0.2","no package identified in executable file"
"/usr/lib64/libpcreposix.so.0.0.7","no package identified in executable file"
"/usr/lib64/libpopt.so.0.0.1","no package identified in executable file"
"/usr/lib64/libpsx.so.2.48","no package identified in executable file"
"/usr/lib64/libpthread.so.0","no package identified in executable file"
"/usr/lib64/libpwquality.so.1.0.2","no package identified in executable file"
"/usr/lib64/libpython3.so","no package identified in executable file"
"/usr/lib64/libreadline.so.8.1","no package identified in executable file"
"/usr/lib64/librepo.so.0","no package identified in executable file"
"/usr/lib64/libresolv.so.2","no package identified in executable file"
"/usr/lib64/librpm.so.9.1.3","no package identified in executable file"
"/usr/lib64/librpmbuild.so.9.1.3","no package identified in executable file"
"/usr/lib64/librpmio.so.9.1.3","no package identified in executable file"
"/usr/lib64/librpmsign.so.9.1.3","no package identified in executable file"
"/usr/lib64/librt.so.1","no package identified in executable file"
"/usr/lib64/libsasl2.so.3.0.0","no package identified in executable file"
"/usr/lib64/libseccomp.so.2.5.2","no package identified in executable file"
"/usr/lib64/libselinux.so.1","no package identified in executable file"
"/usr/lib64/libsemanage.so.2","no package identified in executable file"
"/usr/lib64/libsepol.so.2","no package identified in executable file"
"/usr/lib64/libsigsegv.so.2.0.6","no package identified in executable file"
"/usr/lib64/libslapi.so.2.0.200","no package identified in executable file"
"/usr/lib64/libsmartcols.so.1.1.0","no package identified in executable file"
"/usr/lib64/libsolv.so.1","no package identified in executable file"
"/usr/lib64/libsolvext.so.1","no package identified in executable file"
"/usr/lib64/libsqlite3.so.0.8.6","no package identified in executable file"
"/usr/lib64/libssl.so.3.0.7","no package identified in executable file"
"/usr/lib64/libstdc++.so.6.0.29","no package identified in executable file"
"/usr/lib64/libsystemd.so.0.35.0","no package identified in executable file"
"/usr/lib64/libtasn1.so.6.6.0","no package identified in executable file"
"/usr/lib64/libthread_db.so.1","no package identified in executable file"
"/usr/lib64/libtic.so.6.2","no package identified in executable file"
"/usr/lib64/libtinfo.so.6.2","no package identified in executable file"
"/usr/lib64/libtss2-esys.so.0.0.0","no package identified in executable file"
"/usr/lib64/libtss2-fapi.so.1.0.0","no package identified in executable file"
"/usr/lib64/libtss2-mu.so.0.0.0","no package identified in executable file"
"/usr/lib64/libtss2-rc.so.0.0.0","no package identified in executable file"
"/usr/lib64/libtss2-sys.so.1.0.0","no package identified in executable file"
"/usr/lib64/libtss2-tcti-cmd.so.0.0.0","no package identified in executable file"
"/usr/lib64/libtss2-tcti-device.so.0.0.0","no package identified in executable file"
"/usr/lib64/libtss2-tcti-mssim.so.0.0.0","no package identified in executable file"
"/usr/lib64/libtss2-tcti-swtpm.so.0.0.0","no package identified in executable file"
"/usr/lib64/libtss2-tctildr.so.0.0.0","no package identified in executable file"
"/usr/lib64/libudev.so.1.7.5","no package identified in executable file"
"/usr/lib64/libunistring.so.2.1.0","no package identified in executable file"
"/usr/lib64/libutempter.so.1.2.1","no package identified in executable file"
"/usr/lib64/libutil.so.1","no package identified in executable file"
"/usr/lib64/libuuid.so.1.3.0","no package identified in executable file"
"/usr/lib64/libverto.so.1.0.0","no package identified in executable file"
"/usr/lib64/libxml2.so.2.9.13","no package identified in executable file"
"/usr/lib64/libyaml-0.so.2.0.9","no package identified in executable file"
"/usr/lib64/libz.so.1.2.11","no package identified in executable file"
"/usr/lib64/libzstd.so.1.5.1","no package identified in executable file"
"/usr/lib64/ossl-modules/fips.so","no package identified in executable file"
"/usr/lib64/ossl-modules/legacy.so","no package identified in executable file"
"/usr/lib64/pkcs11/p11-kit-trust.so","no package identified in executable file"
"/usr/lib64/python3.9/lib-dynload/_asyncio.cpython-39-x86_64-linux-gnu.so","no package identified in executable file"
"/usr/lib64/python3.9/lib-dynload/_bisect.cpython-39-x86_64-linux-gnu.so","no package identified in executable file"
"/usr/lib64/python3.9/lib-dynload/_blake2.cpython-39-x86_64-linux-gnu.so","no package identified in executable file"
"/usr/lib64/python3.9/lib-dynload/_bz2.cpython-39-x86_64-linux-gnu.so","no package identified in executable file"
"/usr/lib64/python3.9/lib-dynload/_codecs_cn.cpython-39-x86_64-linux-gnu.so","no package identified in executable file"
"/usr/lib64/python3.9/lib-dynload/_codecs_hk.cpython-39-x86_64-linux-gnu.so","no package identified in executable file"
"/usr/lib64/python3.9/lib-dynload/_codecs_iso2022.cpython-39-x86_64-linux-gnu.so","no package identified in executable file"
"/usr/lib64/python3.9/lib-dynload/_codecs_jp.cpython-39-x86_64-linux-gnu.so","no package identified in executable file"
"/usr/lib64/python3.9/lib-dynload/_codecs_kr.cpython-39-x86_64-linux-gnu.so","no package identified in executable file"
"/usr/lib64/python3.9/lib-dynload/_codecs_tw.cpython-39-x86_64-linux-gnu.so","no package identified in executable file"
"/usr/lib64/python3.9/lib-dynload/_contextvars.cpython-39-x86_64-linux-gnu.so","no package identified in executable file"
"/usr/lib64/python3.9/lib-dynload/_crypt.cpython-39-x86_64-linux-gnu.so","no package identified in executable file"
"/usr/lib64/python3.9/lib-dynload/_csv.cpython-39-x86_64-linux-gnu.so","no package identified in executable file"
"/usr/lib64/python3.9/lib-dynload/_ctypes.cpython-39-x86_64-linux-gnu.so","no package identified in executable file"
"/usr/lib64/python3.9/lib-dynload/_curses.cpython-39-x86_64-linux-gnu.so","no package identified in executable file"
"/usr/lib64/python3.9/lib-dynload/_curses_panel.cpython-39-x86_64-linux-gnu.so","no package identified in executable file"
"/usr/lib64/python3.9/lib-dynload/_datetime.cpython-39-x86_64-linux-gnu.so","no package identified in executable file"
"/usr/lib64/python3.9/lib-dynload/_dbm.cpython-39-x86_64-linux-gnu.so","no package identified in executable file"
"/usr/lib64/python3.9/lib-dynload/_decimal.cpython-39-x86_64-linux-gnu.so","no package identified in executable file"
"/usr/lib64/python3.9/lib-dynload/_elementtree.cpython-39-x86_64-linux-gnu.so","no package identified in executable file"
"/usr/lib64/python3.9/lib-dynload/_gdbm.cpython-39-x86_64-linux-gnu.so","no package identified in executable file"
"/usr/lib64/python3.9/lib-dynload/_hashlib.cpython-39-x86_64-linux-gnu.so","no package identified in executable file"
"/usr/lib64/python3.9/lib-dynload/_heapq.cpython-39-x86_64-linux-gnu.so","no package identified in executable file"
"/usr/lib64/python3.9/lib-dynload/_json.cpython-39-x86_64-linux-gnu.so","no package identified in executable file"
"/usr/lib64/python3.9/lib-dynload/_lsprof.cpython-39-x86_64-linux-gnu.so","no package identified in executable file"
"/usr/lib64/python3.9/lib-dynload/_lzma.cpython-39-x86_64-linux-gnu.so","no package identified in executable file"
"/usr/lib64/python3.9/lib-dynload/_multibytecodec.cpython-39-x86_64-linux-gnu.so","no package identified in executable file"
"/usr/lib64/python3.9/lib-dynload/_multiprocessing.cpython-39-x86_64-linux-gnu.so","no package identified in executable file"
"/usr/lib64/python3.9/lib-dynload/_opcode.cpython-39-x86_64-linux-gnu.so","no package identified in executable file"
"/usr/lib64/python3.9/lib-dynload/_pickle.cpython-39-x86_64-linux-gnu.so","no package identified in executable file"
"/usr/lib64/python3.9/lib-dynload/_posixshmem.cpython-39-x86_64-linux-gnu.so","no package identified in executable file"
"/usr/lib64/python3.9/lib-dynload/_posixsubprocess.cpython-39-x86_64-linux-gnu.so","no package identified in executable file"
"/usr/lib64/python3.9/lib-dynload/_queue.cpython-39-x86_64-linux-gnu.so","no package identified in executable file"
"/usr/lib64/python3.9/lib-dynload/_random.cpython-39-x86_64-linux-gnu.so","no package identified in executable file"
"/usr/lib64/python3.9/lib-dynload/_socket.cpython-39-x86_64-linux-gnu.so","no package identified in executable file"
"/usr/lib64/python3.9/lib-dynload/_sqlite3.cpython-39-x86_64-linux-gnu.so","no package identified in executable file"
"/usr/lib64/python3.9/lib-dynload/_ssl.cpython-39-x86_64-linux-gnu.so","no package identified in executable file"
"/usr/lib64/python3.9/lib-dynload/_statistics.cpython-39-x86_64-linux-gnu.so","no package identified in executable file"
"/usr/lib64/python3.9/lib-dynload/_struct.cpython-39-x86_64-linux-gnu.so","no package identified in executable file"
"/usr/lib64/python3.9/lib-dynload/_uuid.cpython-39-x86_64-linux-gnu.so","no package identified in executable file"
"/usr/lib64/python3.9/lib-dynload/_xxsubinterpreters.cpython-39-x86_64-linux-gnu.so","no package identified in executable file"
"/usr/lib64/python3.9/lib-dynload/_zoneinfo.cpython-39-x86_64-linux-gnu.so","no package identified in executable file"
"/usr/lib64/python3.9/lib-dynload/array.cpython-39-x86_64-linux-gnu.so","no package identified in executable file"
"/usr/lib64/python3.9/lib-dynload/audioop.cpython-39-x86_64-linux-gnu.so","no package identified in executable file"
"/usr/lib64/python3.9/lib-dynload/binascii.cpython-39-x86_64-linux-gnu.so","no package identified in executable file"
"/usr/lib64/python3.9/lib-dynload/cmath.cpython-39-x86_64-linux-gnu.so","no package identified in executable file"
"/usr/lib64/python3.9/lib-dynload/fcntl.cpython-39-x86_64-linux-gnu.so","no package identified in executable file"
"/usr/lib64/python3.9/lib-dynload/grp.cpython-39-x86_64-linux-gnu.so","no package identified in executable file"
"/usr/lib64/python3.9/lib-dynload/math.cpython-39-x86_64-linux-gnu.so","no package identified in executable file"
"/usr/lib64/python3.9/lib-dynload/mmap.cpython-39-x86_64-linux-gnu.so","no package identified in executable file"
"/usr/lib64/python3.9/lib-dynload/ossaudiodev.cpython-39-x86_64-linux-gnu.so","no package identified in executable file"
"/usr/lib64/python3.9/lib-dynload/parser.cpython-39-x86_64-linux-gnu.so","no package identified in executable file"
"/usr/lib64/python3.9/lib-dynload/pyexpat.cpython-39-x86_64-linux-gnu.so","no package identified in executable file"
"/usr/lib64/python3.9/lib-dynload/readline.cpython-39-x86_64-linux-gnu.so","no package identified in executable file"
"/usr/lib64/python3.9/lib-dynload/resource.cpython-39-x86_64-linux-gnu.so","no package identified in executable file"
"/usr/lib64/python3.9/lib-dynload/select.cpython-39-x86_64-linux-gnu.so","no package identified in executable file"
"/usr/lib64/python3.9/lib-dynload/spwd.cpython-39-x86_64-linux-gnu.so","no package identified in executable file"
"/usr/lib64/python3.9/lib-dynload/syslog.cpython-39-x86_64-linux-gnu.so","no package identified in executable file"
"/usr/lib64/python3.9/lib-dynload/termios.cpython-39-x86_64-linux-gnu.so","no package identified in executable file"
"/usr/lib64/python3.9/lib-dynload/unicodedata.cpython-39-x86_64-linux-gnu.so","no package identified in executable file"
"/usr/lib64/python3.9/lib-dynload/xxlimited.cpython-39-x86_64-linux-gnu.so","no package identified in executable file"
"/usr/lib64/python3.9/lib-dynload/zlib.cpython-39-x86_64-linux-gnu.so","no package identified in executable file"
"/usr/lib64/python3.9/site-packages/gpg/_gpgme.cpython-39-x86_64-linux-gnu.so","no package identified in executable file"
"/usr/lib64/python3.9/site-packages/hawkey/_hawkey.so","no package identified in executable file"
"/usr/lib64/python3.9/site-packages/hawkey/test/_hawkey_test.so","no package identified in executable file"
"/usr/lib64/python3.9/site-packages/libcomps/_libpycomps.so","no package identified in executable file"
"/usr/lib64/python3.9/site-packages/libdnf/_common_types.so","no package identified in executable file"
"/usr/lib64/python3.9/site-packages/libdnf/_conf.so","no package identified in executable file"
"/usr/lib64/python3.9/site-packages/libdnf/_error.so","no package identified in executable file"
"/usr/lib64/python3.9/site-packages/libdnf/_module.so","no package identified in executable file"
"/usr/lib64/python3.9/site-packages/libdnf/_repo.so","no package identified in executable file"
"/usr/lib64/python3.9/site-packages/libdnf/_smartcols.so","no package identified in executable file"
"/usr/lib64/python3.9/site-packages/libdnf/_transaction.so","no package identified in executable file"
"/usr/lib64/python3.9/site-packages/libdnf/_utils.so","no package identified in executable file"
"/usr/lib64/python3.9/site-packages/rpm/_rpm.cpython-39-x86_64-linux-gnu.so","no package identified in executable file"
"/usr/lib64/sasl2/libanonymous.so.3.0.0","no package identified in executable file"
"/usr/lib64/sasl2/libsasldb.so.3.0.0","no package identified in executable file"
"/usr/lib64/security/pam_access.so","no package identified in executable file"
"/usr/lib64/security/pam_cap.so","no package identified in executable file"
"/usr/lib64/security/pam_chroot.so","no package identified in executable file"
"/usr/lib64/security/pam_console.so","no package identified in executable file"
"/usr/lib64/security/pam_debug.so","no package identified in executable file"
"/usr/lib64/security/pam_deny.so","no package identified in executable file"
"/usr/lib64/security/pam_echo.so","no package identified in executable file"
"/usr/lib64/security/pam_env.so","no package identified in executable file"
"/usr/lib64/security/pam_exec.so","no package identified in executable file"
"/usr/lib64/security/pam_faildelay.so","no package identified in executable file"
"/usr/lib64/security/pam_faillock.so","no package identified in executable file"
"/usr/lib64/security/pam_filter.so","no package identified in executable file"
"/usr/lib64/security/pam_filter/upperLOWER","no package identified in executable file"
"/usr/lib64/security/pam_ftp.so","no package identified in executable file"
"/usr/lib64/security/pam_group.so","no package identified in executable file"
"/usr/lib64/security/pam_issue.so","no package identified in executable file"
"/usr/lib64/security/pam_keyinit.so","no package identified in executable file"
"/usr/lib64/security/pam_lastlog.so","no package identified in executable file"
"/usr/lib64/security/pam_limits.so","no package identified in executable file"
"/usr/lib64/security/pam_listfile.so","no package identified in executable file"
"/usr/lib64/security/pam_localuser.so","no package identified in executable file"
"/usr/lib64/security/pam_loginuid.so","no package identified in executable file"
"/usr/lib64/security/pam_mail.so","no package identified in executable file"
"/usr/lib64/security/pam_mkhomedir.so","no package identified in executable file"
"/usr/lib64/security/pam_motd.so","no package identified in executable file"
"/usr/lib64/security/pam_namespace.so","no package identified in executable file"
"/usr/lib64/security/pam_nologin.so","no package identified in executable file"
"/usr/lib64/security/pam_permit.so","no package identified in executable file"
"/usr/lib64/security/pam_postgresok.so","no package identified in executable file"
"/usr/lib64/security/pam_pwhistory.so","no package identified in executable file"
"/usr/lib64/security/pam_pwquality.so","no package identified in executable file"
"/usr/lib64/security/pam_rhosts.so","no package identified in executable file"
"/usr/lib64/security/pam_rootok.so","no package identified in executable file"
"/usr/lib64/security/pam_securetty.so","no package identified in executable file"
"/usr/lib64/security/pam_selinux.so","no package identified in executable file"
"/usr/lib64/security/pam_sepermit.so","no package identified in executable file"
"/usr/lib64/security/pam_setquota.so","no package identified in executable file"
"/usr/lib64/security/pam_shells.so","no package identified in executable file"
"/usr/lib64/security/pam_stress.so","no package identified in executable file"
"/usr/lib64/security/pam_succeed_if.so","no package identified in executable file"
"/usr/lib64/security/pam_systemd.so","no package identified in executable file"
"/usr/lib64/security/pam_time.so","no package identified in executable file"
"/usr/lib64/security/pam_timestamp.so","no package identified in executable file"
"/usr/lib64/security/pam_tty_audit.so","no package identified in executable file"
"/usr/lib64/security/pam_umask.so","no package identified in executable file"
"/usr/lib64/security/pam_unix.so","no package identified in executable file"
"/usr/lib64/security/pam_userdb.so","no package identified in executable file"
"/usr/lib64/security/pam_usertype.so","no package identified in executable file"
"/usr/lib64/security/pam_warn.so","no package identified in executable file"
"/usr/lib64/security/pam_wheel.so","no package identified in executable file"
"/usr/lib64/security/pam_xauth.so","no package identified in executable file"
"/usr/lib64/systemd/libsystemd-core-252.so","no package identified in executable file"
"/usr/lib64/systemd/libsystemd-shared-252.so","no package identified in executable file"
"/usr/libexec/awk/grcat","no package identified in executable file"
"/usr/libexec/awk/pwcat","no package identified in executable file"
"/usr/libexec/coreutils/libstdbuf.so","no package identified in executable file"
"/usr/libexec/dirmngr_ldap","no package identified in executable file"
"/usr/libexec/getconf/POSIX_V6_LP64_OFF64","no package identified in executable file"
"/usr/libexec/gpg-check-pattern","no package identified in executable file"
"/usr/libexec/gpg-pair-tool","no package identified in executable file"
"/usr/libexec/gpg-preset-passphrase","no package identified in executable file"
"/usr/libexec/gpg-protect-tool","no package identified in executable file"
"/usr/libexec/keyboxd","no package identified in executable file"
"/usr/libexec/p11-kit/p11-kit-remote","no package identified in executable file"
"/usr/libexec/scdaemon","no package identified in executable file"
"/usr/libexec/utempter/utempter","no package identified in executable file"
"/usr/libexec/vi","no package identified in executable file"
"/usr/sbin/addpart","no package identified in executable file"
"/usr/sbin/agetty","no package identified in executable file"
"/usr/sbin/alternatives","no package identified in executable file"
"/usr/sbin/blkdiscard","no package identified in executable file"
"/usr/sbin/blkid","no package identified in executable file"
"/usr/sbin/blkzone","no package identified in executable file"
"/usr/sbin/blockdev","no package identified in executable file"
"/usr/sbin/capsh","no package identified in executable file"
"/usr/sbin/cfdisk","no package identified in executable file"
"/usr/sbin/chcpu","no package identified in executable file"
"/usr/sbin/chgpasswd","no package identified in executable file"
"/usr/sbin/chpasswd","no package identified in executable file"
"/usr/sbin/cracklib-check","no package identified in executable file"
"/usr/sbin/cracklib-packer","no package identified in executable file"
"/usr/sbin/cracklib-unpacker","no package identified in executable file"
"/usr/sbin/ctrlaltdel","no package identified in executable file"
"/usr/sbin/delpart","no package identified in executable file"
"/usr/sbin/faillock","no package identified in executable file"
"/usr/sbin/fdformat","no package identified in executable file"
"/usr/sbin/fdisk","no package identified in executable file"
"/usr/sbin/findfs","no package identified in executable file"
"/usr/sbin/fsck","no package identified in executable file"
"/usr/sbin/fsck.cramfs","no package identified in executable file"
"/usr/sbin/fsck.minix","no package identified in executable file"
"/usr/sbin/fsfreeze","no package identified in executable file"
"/usr/sbin/fstrim","no package identified in executable file"
"/usr/sbin/g13-syshelp","no package identified in executable file"
"/usr/sbin/getcap","no package identified in executable file"
"/usr/sbin/getpcaps","no package identified in executable file"
"/usr/sbin/groupadd","no package identified in executable file"
"/usr/sbin/groupdel","no package identified in executable file"
"/usr/sbin/groupmems","no package identified in executable file"
"/usr/sbin/groupmod","no package identified in executable file"
"/usr/sbin/grpck","no package identified in executable file"
"/usr/sbin/grpconv","no package identified in executable file"
"/usr/sbin/grpunconv","no package identified in executable file"
"/usr/sbin/hwclock","no package identified in executable file"
"/usr/sbin/iconvconfig","no package identified in executable file"
"/usr/sbin/ifenslave","no package identified in executable file"
"/usr/sbin/ldattach","no package identified in executable file"
"/usr/sbin/ldconfig","no package identified in executable file"
"/usr/sbin/losetup","no package identified in executable file"
"/usr/sbin/mkfs","no package identified in executable file"
"/usr/sbin/mkfs.cramfs","no package identified in executable file"
"/usr/sbin/mkfs.minix","no package identified in executable file"
"/usr/sbin/mkhomedir_helper","no package identified in executable file"
"/usr/sbin/mkswap","no package identified in executable file"
"/usr/sbin/newusers","no package identified in executable file"
"/usr/sbin/nologin","no package identified in executable file"
"/usr/sbin/pam_console_apply","no package identified in executable file"
"/usr/sbin/pam_timestamp_check","no package identified in executable file"
"/usr/sbin/partx","no package identified in executable file"
"/usr/sbin/pivot_root","no package identified in executable file"
"/usr/sbin/pwck","no package identified in executable file"
"/usr/sbin/pwconv","no package identified in executable file"
"/usr/sbin/pwhistory_helper","no package identified in executable file"
"/usr/sbin/pwunconv","no package identified in executable file"
"/usr/sbin/rdisc","no package identified in executable file"
"/usr/sbin/readprofile","no package identified in executable file"
"/usr/sbin/resizepart","no package identified in executable file"
"/usr/sbin/rfkill","no package identified in executable file"
"/usr/sbin/rtcwake","no package identified in executable file"
"/usr/sbin/runuser","no package identified in executable file"
"/usr/sbin/sasldblistusers2","no package identified in executable file"
"/usr/sbin/saslpasswd2","no package identified in executable file"
"/usr/sbin/setcap","no package identified in executable file"
"/usr/sbin/sfdisk","no package identified in executable file"
"/usr/sbin/sulogin","no package identified in executable file"
"/usr/sbin/swaplabel","no package identified in executable file"
"/usr/sbin/swapoff","no package identified in executable file"
"/usr/sbin/swapon","no package identified in executable file"
"/usr/sbin/switch_root","no package identified in executable file"
"/usr/sbin/unix_chkpwd","no package identified in executable file"
"/usr/sbin/unix_update","no package identified in executable file"
"/usr/sbin/useradd","no package identified in executable file"
"/usr/sbin/userdel","no package identified in executable file"
"/usr/sbin/usermod","no package identified in executable file"
"/usr/sbin/vipw","no package identified in executable file"
"/usr/sbin/wipefs","no package identified in executable file"
"/usr/sbin/zic","no package identified in executable file"
"/usr/sbin/zramctl","no package identified in executable file"
"/var/lib/rpm/rpmdb.sqlite","failed to open sqlite3: sql: unknown driver ""sqlite"" (forgotten import?)"
